,I,V,L,F,C,M,A,G,T,S,W,Y,P,H,E,Q,D,N,K,R
I,78,152,137,82,23,50,174,155,109,87,32,77,110,35,73,56,70,56,49,60
V,152,179,,,,,,,,,,,,,,,99,82,100,101
L,137,193,180,,,,,,,,,,,,,,85,99,72,118
F,82,109,110,62,,,,,,,,,,,,,39,60,40,53
C,23,46,45,27,43,,,,,,,,,,,,21,17,18,23
M,50,63,76,38,11,28,,,,,,,,,,,21,31,27,27
A,174,252,256,136,61,72,228,,,,,,,,,,152,163,108,110
G,155,182,178,101,59,75,245,192,,,,,,,,,165,140,129,147
T,109,160,130,88,33,41,203,231,123,,,,,,,,171,118,92,101
S,87,148,143,78,59,47,215,198,182,147,,,,,,,176,127,95,104
W,32,23,43,22,6,11,47,43,42,32,7,,,,,,18,21,21,43
Y,77,81,83,61,18,30,106,115,74,78,21,55,,,,,41,60,52,56
P,110,156,138,104,47,53,195,188,162,153,76,91,97,,,,94,129,90,102
H,35,52,74,27,20,22,83,84,51,42,17,43,51,28,,,69,34,22,39
E,73,113,107,51,30,40,147,116,115,138,11,66,118,30,56,,46,79,87,103
Q,56,79,81,49,16,30,103,117,63,84,8,26,89,31,42,36,67,66,40,54
D,70,99,85,39,21,21,152,165,171,176,18,41,94,69,46,67,55,122,74,101
N,56,82,99,60,17,31,163,140,118,127,21,60,129,66,79,66,122,93,59,74
K,49,100,72,40,18,27,108,129,92,95,21,52,90,40,87,40,74,59,36,31
R,60,101,118,53,23,27,110,147,101,104,43,56,102,54,103,54,101,74,31,38